Wavelength,Slope,Intercept,R²,RMSE
415,1359.810931723917,9.7356951998616,0.0005094105371399316,0.17457762697336277
445,7867.680953482917,5.835431789109808,0.028595208280897233,0.22395845013945131
480,9630.487295827288,2.411726039241719,0.072466185640787,0.2524430902525421
515,9238.00424277313,-0.08830654086237821,0.12127855747514782,0.2271532509542724
555,10583.941950652295,-1.466421281464136,0.17368781244036036,0.2159355899229605
590,8440.535529163448,-1.2454867339504831,0.18322299964781918,0.1906562182997273
630,7572.592100075126,-2.2337856289731475,0.24186238783170755,0.17087974017542368
680,7546.791877312319,-2.303518570523541,0.29828406262790996,0.14194147950164873
